"x1","y1","x0","y0","estimate0","estimate1"
144.709348208452,1.04488498803276e-08,143.864012974144,6.03641571749543e-09,3327.812164226,3277.06878771292
160.56567169883,4.6251282187957e-08,159.594486504578,2.88495209133041e-08,3327.812164226,3277.06878771292
176.421995189208,1.54922490472174e-07,175.324960035012,1.01522455798182e-07,3327.812164226,3277.06878771292
192.278318679586,3.99169598401961e-07,191.055433565446,2.67751832322948e-07,3327.812164226,3277.06878771292
208.134642169964,8.08804267775114e-07,206.78590709588,5.43261270378529e-07,3327.812164226,3277.06878771292
223.990965660342,1.32720138862131e-06,222.516380626314,8.80103143087248e-07,3327.812164226,3277.06878771292
239.84728915072,1.83147630300997e-06,238.246854156748,1.19606813630186e-06,3327.812164226,3277.06878771292
255.703612641098,2.22520652686596e-06,253.977327687182,1.44612039016507e-06,3327.812164226,3277.06878771292
271.559936131475,2.50471568017609e-06,269.707801217615,1.649461965485e-06,3327.812164226,3277.06878771292
287.416259621853,2.73399166424324e-06,285.438274748049,1.85373414952652e-06,3327.812164226,3277.06878771292
303.272583112231,2.96968766317747e-06,301.168748278483,2.08482218428177e-06,3327.812164226,3277.06878771292
319.128906602609,3.21687431384552e-06,316.899221808917,2.3182315726864e-06,3327.812164226,3277.06878771292
334.985230092987,3.44494639571826e-06,332.629695339351,2.49591898217264e-06,3327.812164226,3277.06878771292
350.841553583365,3.63282725028165e-06,348.360168869785,2.59257507719945e-06,3327.812164226,3277.06878771292
366.697877073743,3.80294887310304e-06,364.090642400219,2.66022858444675e-06,3327.812164226,3277.06878771292
382.55420056412,4.01725430778573e-06,379.821115930653,2.77753937184756e-06,3327.812164226,3277.06878771292
398.410524054498,4.32860971351368e-06,395.551589461086,2.96551681856124e-06,3327.812164226,3277.06878771292
414.266847544876,4.72932222081001e-06,411.28206299152,3.18700867181719e-06,3327.812164226,3277.06878771292
430.123171035254,5.15939913528039e-06,427.012536521954,3.41513453272561e-06,3327.812164226,3277.06878771292
445.979494525632,5.57153581730378e-06,442.743010052388,3.66549058375084e-06,3327.812164226,3277.06878771292
461.83581801601,5.97276337718716e-06,458.473483582822,3.9681258552678e-06,3327.812164226,3277.06878771292
477.692141506388,6.394474077267e-06,474.203957113256,4.33059541667828e-06,3327.812164226,3277.06878771292
493.548464996766,6.84089668808636e-06,489.93443064369,4.717220395345e-06,3327.812164226,3277.06878771292
509.404788487143,7.27543642891419e-06,505.664904174124,5.05681729307108e-06,3327.812164226,3277.06878771292
525.261111977521,7.64456897362499e-06,521.395377704558,5.29649002253194e-06,3327.812164226,3277.06878771292
541.117435467899,7.91549171947081e-06,537.125851234991,5.45619618104771e-06,3327.812164226,3277.06878771292
556.973758958277,8.11452211310573e-06,552.856324765425,5.61052255786719e-06,3327.812164226,3277.06878771292
572.830082448655,8.31425085066035e-06,568.586798295859,5.81431950434449e-06,3327.812164226,3277.06878771292
588.686405939033,8.54874764023644e-06,584.317271826293,6.0556777177204e-06,3327.812164226,3277.06878771292
604.542729429411,8.77747513657167e-06,600.047745356727,6.27238684321316e-06,3327.812164226,3277.06878771292
620.399052919789,8.94827752607992e-06,615.778218887161,6.40535499058155e-06,3327.812164226,3277.06878771292
636.255376410167,9.05232391579948e-06,631.508692417595,6.44601988061234e-06,3327.812164226,3277.06878771292
652.111699900544,9.12235414607656e-06,647.239165948028,6.44717181651021e-06,3327.812164226,3277.06878771292
667.968023390922,9.20471232870972e-06,662.969639478462,6.49410538180966e-06,3327.812164226,3277.06878771292
683.8243468813,9.33190465951555e-06,678.700113008896,6.63029127650528e-06,3327.812164226,3277.06878771292
699.680670371678,9.50334225461215e-06,694.43058653933,6.81553901174121e-06,3327.812164226,3277.06878771292
715.536993862056,9.6842591502797e-06,710.161060069764,6.95383214127795e-06,3327.812164226,3277.06878771292
731.393317352434,9.82258494517986e-06,725.891533600198,6.97276642464819e-06,3327.812164226,3277.06878771292
747.249640842812,9.89090778828208e-06,741.622007130632,6.89407911460971e-06,3327.812164226,3277.06878771292
763.10596433319,9.92745847942368e-06,757.352480661066,6.81523427473923e-06,3327.812164226,3277.06878771292
778.962287823568,1.00018077634702e-05,773.0829541915,6.81096503312112e-06,3327.812164226,3277.06878771292
794.818611313945,1.01320344359e-05,788.813427721933,6.86893534230431e-06,3327.812164226,3277.06878771292
810.674934804323,1.02730878824073e-05,804.543901252367,6.93136593044217e-06,3327.812164226,3277.06878771292
826.531258294701,1.03786908933467e-05,820.274374782801,6.97143603139295e-06,3327.812164226,3277.06878771292
842.387581785079,1.04236579119898e-05,836.004848313235,7.00857839178075e-06,3327.812164226,3277.06878771292
858.243905275457,1.03867552983154e-05,851.735321843669,7.07249871423896e-06,3327.812164226,3277.06878771292
874.100228765835,1.02630992958977e-05,867.465795374103,7.16479426653426e-06,3327.812164226,3277.06878771292
889.956552256213,1.00907022256743e-05,883.196268904537,7.25352247457163e-06,3327.812164226,3277.06878771292
905.812875746591,9.96435352152784e-06,898.926742434971,7.31866923169066e-06,3327.812164226,3277.06878771292
921.669199236968,1.00189474950025e-05,914.657215965404,7.40352594602512e-06,3327.812164226,3277.06878771292
937.525522727346,1.0336904356968e-05,930.387689495838,7.59382037628082e-06,3327.812164226,3277.06878771292
953.381846217724,1.08342510660969e-05,946.118163026272,7.9300470390314e-06,3327.812164226,3277.06878771292
969.238169708102,1.12975758764226e-05,961.848636556706,8.34917557847812e-06,3327.812164226,3277.06878771292
985.09449319848,1.15772253583343e-05,977.57911008714,8.71653501729942e-06,3327.812164226,3277.06878771292
1000.95081668886,1.16968781898544e-05,993.309583617574,8.9144818671071e-06,3327.812164226,3277.06878771292
1016.80714017924,1.17722606167098e-05,1009.04005714801,8.91860958545093e-06,3327.812164226,3277.06878771292
1032.66346366961,1.18987388983365e-05,1024.77053067844,8.81376351490099e-06,3327.812164226,3277.06878771292
1048.51978715999,1.20988072299336e-05,1040.50100420888,8.7383362351794e-06,3327.812164226,3277.06878771292
1064.37611065037,1.23107173220404e-05,1056.23147773931,8.79525627666215e-06,3327.812164226,3277.06878771292
1080.23243414075,1.24534932771953e-05,1071.96195126974,9.01054646205345e-06,3327.812164226,3277.06878771292
1096.08875763112,1.25353224425731e-05,1087.69242480018,9.3672496561556e-06,3327.812164226,3277.06878771292
1111.9450811215,1.26501991979269e-05,1103.42289833061,9.83049546578711e-06,3327.812164226,3277.06878771292
1127.80140461188,1.28488769304613e-05,1119.15337186104,1.03133082373715e-05,3327.812164226,3277.06878771292
1143.65772810226,1.30734400778955e-05,1134.88384539148,1.06730131853114e-05,3327.812164226,3277.06878771292
1159.51405159264,1.32391302145233e-05,1150.61431892191,1.08104713500447e-05,3327.812164226,3277.06878771292
1175.37037508301,1.33546405503729e-05,1166.34479245235,1.0758879457014e-05,3327.812164226,3277.06878771292
1191.22669857339,1.35028388857061e-05,1182.07526598278,1.06335589866493e-05,3327.812164226,3277.06878771292
1207.08302206377,1.36949884927291e-05,1197.80573951321,1.05283983866654e-05,3327.812164226,3277.06878771292
1222.93934555415,1.38364179464612e-05,1213.53621304365,1.04924906752421e-05,3327.812164226,3277.06878771292
1238.79566904453,1.3860618267205e-05,1229.26668657408,1.05613617109086e-05,3327.812164226,3277.06878771292
1254.6519925349,1.38379091462868e-05,1244.99716010452,1.07622077180637e-05,3327.812164226,3277.06878771292
1270.50831602528,1.39273373255829e-05,1260.72763363495,1.10957356843275e-05,3327.812164226,3277.06878771292
1286.36463951566,1.42014833382008e-05,1276.45810716538,1.15427289313293e-05,3327.812164226,3277.06878771292
1302.22096300604,1.45609167479106e-05,1292.18858069582,1.20333235920958e-05,3327.812164226,3277.06878771292
1318.07728649642,1.4858424384756e-05,1307.91905422625,1.24451103389656e-05,3327.812164226,3277.06878771292
1333.93360998679,1.5066236085234e-05,1323.64952775669,1.27027664227775e-05,3327.812164226,3277.06878771292
1349.78993347717,1.52814903174965e-05,1339.38000128712,1.28672918288524e-05,3327.812164226,3277.06878771292
1365.64625696755,1.56008114750266e-05,1355.11047481755,1.30673748475473e-05,3327.812164226,3277.06878771292
1381.50258045793,1.60068971794807e-05,1370.84094834799,1.3351360259789e-05,3327.812164226,3277.06878771292
1397.3589039483,1.63916825526878e-05,1386.57142187842,1.36495043230649e-05,3327.812164226,3277.06878771292
1413.21522743868,1.66930821018536e-05,1402.30189540885,1.38825051824943e-05,3327.812164226,3277.06878771292
1429.07155092906,1.6966333841477e-05,1418.03236893929,1.40639404071113e-05,3327.812164226,3277.06878771292
1444.92787441944,1.73103327251705e-05,1433.76284246972,1.42747580782109e-05,3327.812164226,3277.06878771292
1460.78419790982,1.77645724284972e-05,1449.49331600016,1.45847852716581e-05,3327.812164226,3277.06878771292
1476.64052140019,1.829780414685e-05,1465.22378953059,1.50179914787369e-05,3327.812164226,3277.06878771292
1492.49684489057,1.88547793148653e-05,1480.95426306102,1.55507377851903e-05,3327.812164226,3277.06878771292
1508.35316838095,1.93841568100719e-05,1496.68473659146,1.61172659259588e-05,3327.812164226,3277.06878771292
1524.20949187133,1.98465855430186e-05,1512.41521012189,1.66402623373731e-05,3327.812164226,3277.06878771292
1540.06581536171,2.02382721352123e-05,1528.14568365233,1.70866546582049e-05,3327.812164226,3277.06878771292
1555.92213885208,2.06260535165372e-05,1543.87615718276,1.74900005557832e-05,3327.812164226,3277.06878771292
1571.77846234246,2.11192334079111e-05,1559.60663071319,1.79024765167851e-05,3327.812164226,3277.06878771292
1587.63478583284,2.17571606109933e-05,1575.33710424363,1.83218575760003e-05,3327.812164226,3277.06878771292
1603.49110932322,2.24543716872916e-05,1591.06757777406,1.86741409932763e-05,3327.812164226,3277.06878771292
1619.34743281359,2.3099173972812e-05,1606.79805130449,1.88876360411479e-05,3327.812164226,3277.06878771292
1635.20375630397,2.36929945693894e-05,1622.52852483493,1.90055588747896e-05,3327.812164226,3277.06878771292
1651.06007979435,2.435378482978e-05,1638.25899836536,1.92191136425623e-05,3327.812164226,3277.06878771292
1666.91640328473,2.51526719433548e-05,1653.9894718958,1.97364776888605e-05,3327.812164226,3277.06878771292
1682.77272677511,2.59835418978066e-05,1669.71994542623,2.05725870204706e-05,3327.812164226,3277.06878771292
1698.62905026548,2.66672072637964e-05,1685.45041895666,2.15008047561564e-05,3327.812164226,3277.06878771292
1714.48537375586,2.71768987199165e-05,1701.1808924871,2.22669777837729e-05,3327.812164226,3277.06878771292
1730.34169724624,2.76731029397875e-05,1716.91136601753,2.28453414723508e-05,3327.812164226,3277.06878771292
1746.19802073662,2.83361963885048e-05,1732.64183954797,2.34296245581796e-05,3327.812164226,3277.06878771292
1762.054344227,2.92012321215878e-05,1748.3723130784,2.41843459523272e-05,3327.812164226,3277.06878771292
1777.91066771737,3.01350373958164e-05,1764.10278660883,2.50947498312148e-05,3327.812164226,3277.06878771292
1793.76699120775,3.10514765570736e-05,1779.83326013927,2.60685902222685e-05,3327.812164226,3277.06878771292
1809.62331469813,3.21157485999895e-05,1795.5637336697,2.70869159403798e-05,3327.812164226,3277.06878771292
1825.47963818851,3.35201911926709e-05,1811.29420720014,2.81708116895972e-05,3327.812164226,3277.06878771292
1841.33596167889,3.51404316085779e-05,1827.02468073057,2.9249552656433e-05,3327.812164226,3277.06878771292
1857.19228516926,3.66655753922347e-05,1842.755154261,3.01769537845342e-05,3327.812164226,3277.06878771292
1873.04860865964,3.80068870624314e-05,1858.48562779144,3.09314094585637e-05,3327.812164226,3277.06878771292
1888.90493215002,3.93433149525843e-05,1874.21610132187,3.16761187718064e-05,3327.812164226,3277.06878771292
1904.7612556404,4.08399398725762e-05,1889.9465748523,3.25825295807053e-05,3327.812164226,3277.06878771292
1920.61757913077,4.2431045853457e-05,1905.67704838274,3.36859264533506e-05,3327.812164226,3277.06878771292
1936.47390262115,4.38937935403245e-05,1921.40752191317,3.48859681187528e-05,3327.812164226,3277.06878771292
1952.33022611153,4.51372900760321e-05,1937.13799544361,3.59927864088996e-05,3327.812164226,3277.06878771292
1968.18654960191,4.64107770848131e-05,1952.86846897404,3.68502434317577e-05,3327.812164226,3277.06878771292
1984.04287309229,4.81711249523382e-05,1968.59894250447,3.75443517026946e-05,3327.812164226,3277.06878771292
1999.89919658266,5.06605399153705e-05,1984.32941603491,3.84411647436423e-05,3327.812164226,3277.06878771292
2015.75552007304,5.36385214387405e-05,2000.05988956534,3.98883958803894e-05,3327.812164226,3277.06878771292
2031.61184356342,5.65706757125941e-05,2015.79036309578,4.1897600852158e-05,3327.812164226,3277.06878771292
2047.4681670538,5.90880982668192e-05,2031.52083662621,4.41452371775169e-05,3327.812164226,3277.06878771292
2063.32449054418,6.12284327030192e-05,2047.25131015664,4.62108684245581e-05,3327.812164226,3277.06878771292
2079.18081403455,6.32607836281652e-05,2062.98178368708,4.7805120535019e-05,3327.812164226,3277.06878771292
2095.03713752493,6.53806128971149e-05,2078.71225721751,4.89242230753447e-05,3327.812164226,3277.06878771292
2110.89346101531,6.75675893770057e-05,2094.44273074795,4.98493704327996e-05,3327.812164226,3277.06878771292
2126.74978450569,6.97046294532105e-05,2110.17320427838,5.088371082966e-05,3327.812164226,3277.06878771292
2142.60610799606,7.18302518210765e-05,2125.90367780881,5.21368771499733e-05,3327.812164226,3277.06878771292
2158.46243148644,7.42024353862106e-05,2141.63415133925,5.36864235401456e-05,3327.812164226,3277.06878771292
2174.31875497682,7.70702554895581e-05,2157.36462486968,5.57758411847539e-05,3327.812164226,3277.06878771292
2190.1750784672,8.04657977125556e-05,2173.09509840011,5.85990704092417e-05,3327.812164226,3277.06878771292
2206.03140195758,8.42975747344869e-05,2188.82557193055,6.19824040081756e-05,3327.812164226,3277.06878771292
2221.88772544795,8.85448441643323e-05,2204.55604546098,6.55090048100093e-05,3327.812164226,3277.06878771292
2237.74404893833,9.31837469496013e-05,2220.28651899142,6.88988224665928e-05,3327.812164226,3277.06878771292
2253.60037242871,9.79934903354756e-05,2236.01699252185,7.21177036553358e-05,3327.812164226,3277.06878771292
2269.45669591909,0.000102628121291573,2251.74746605228,7.52185813776845e-05,3327.812164226,3277.06878771292
2285.31301940947,0.000106930886180263,2267.47793958272,7.82007429049028e-05,3327.812164226,3277.06878771292
2301.16934289984,0.000111069085365958,2283.20841311315,8.0998871072442e-05,3327.812164226,3277.06878771292
2317.02566639022,0.000115391273281653,2298.93888664359,8.36266305506876e-05,3327.812164226,3277.06878771292
2332.8819898806,0.000120250301666652,2314.66936017402,8.63872492337787e-05,3327.812164226,3277.06878771292
2348.73831337098,0.000125757197788914,2330.39983370445,8.97250177604957e-05,3327.812164226,3277.06878771292
2364.59463686135,0.000131612783429817,2346.13030723489,9.36841275595632e-05,3327.812164226,3277.06878771292
2380.45096035173,0.000137292114362051,2361.86078076532,9.78075323166835e-05,3327.812164226,3277.06878771292
2396.30728384211,0.000142672899613649,2377.59125429575,0.000101691444510802,3327.812164226,3277.06878771292
2412.16360733249,0.000148246387470471,2393.32172782619,0.000105395723886724,3327.812164226,3277.06878771292
2428.01993082287,0.000154270264491429,2409.05220135662,0.00010922100707363,3327.812164226,3277.06878771292
2443.87625431324,0.000160554661872485,2424.78267488706,0.000113332168368703,3327.812164226,3277.06878771292
2459.73257780362,0.000167115471618405,2440.51314841749,0.000117623414728995,3327.812164226,3277.06878771292
2475.588901294,0.000174346737658388,2456.24362194792,0.000121870340668927,3327.812164226,3277.06878771292
2491.44522478438,0.000182347207933001,2471.97409547836,0.000126166827090593,3327.812164226,3277.06878771292
2507.30154827476,0.000190667934412783,2487.70456900879,0.000131020774704301,3327.812164226,3277.06878771292
2523.15787176513,0.000198959485720774,2503.43504253923,0.0001367500100499,3327.812164226,3277.06878771292
2539.01419525551,0.00020740571005584,2519.16551606966,0.000143095903978841,3327.812164226,3277.06878771292
2554.87051874589,0.000216578730813203,2534.89598960009,0.000149708162291314,3327.812164226,3277.06878771292
2570.72684223627,0.000226986833714479,2550.62646313053,0.000156657572718062,3327.812164226,3277.06878771292
2586.58316572665,0.000238496586665631,2566.35693666096,0.000164170160832381,3327.812164226,3277.06878771292
2602.43948921702,0.000250054764081231,2582.0874101914,0.000172146262261289,3327.812164226,3277.06878771292
2618.2958127074,0.000260531784991014,2597.81788372183,0.000180114951587816,3327.812164226,3277.06878771292
2634.15213619778,0.000269997736755654,2613.54835725226,0.000187620910045048,3327.812164226,3277.06878771292
2650.00845968816,0.000279772149724446,2629.2788307827,0.000194633274478949,3327.812164226,3277.06878771292
2665.86478317853,0.00029145163142553,2645.00930431313,0.000201693988871841,3327.812164226,3277.06878771292
2681.72110666891,0.000305920573471141,2660.73977784356,0.000209675784468336,3327.812164226,3277.06878771292
2697.57743015929,0.000322786523177695,2676.470251374,0.000219188108509928,3327.812164226,3277.06878771292
2713.43375364967,0.000340473339543866,2692.20072490443,0.000230229443770486,3327.812164226,3277.06878771292
2729.29007714005,0.000357215173749991,2707.93119843487,0.000242443293048804,3327.812164226,3277.06878771292
2745.14640063042,0.000372359350184993,2723.6616719653,0.000255408859961122,3327.812164226,3277.06878771292
2761.0027241208,0.000386555128661321,2739.39214549573,0.000268515268363756,3327.812164226,3277.06878771292
2776.85904761118,0.000400846749777716,2755.12261902617,0.000280997985364044,3327.812164226,3277.06878771292
2792.71537110156,0.000416020884852614,2770.8530925566,0.000292515344179389,3327.812164226,3277.06878771292
2808.57169459194,0.000432286926670585,2786.58356608704,0.000303538557389861,3327.812164226,3277.06878771292
2824.42801808231,0.00044908681526991,2802.31403961747,0.000315137176289559,3327.812164226,3277.06878771292
2840.28434157269,0.000465555897501775,2818.0445131479,0.000328519776792839,3327.812164226,3277.06878771292
2856.14066506307,0.000481541909416679,2833.77498667834,0.000344320548750601,3327.812164226,3277.06878771292
2871.99698855345,0.0004980486177811,2849.50546020877,0.000361873728534399,3327.812164226,3277.06878771292
2887.85331204383,0.000516169535760807,2865.23593373921,0.000379512407316721,3327.812164226,3277.06878771292
2903.7096355342,0.000535710135526381,2880.96640726964,0.000396084916535425,3327.812164226,3277.06878771292
2919.56595902458,0.000555043283208671,2896.69688080007,0.00041175969794215,3327.812164226,3277.06878771292
2935.42228251496,0.000572477841325834,2912.42735433051,0.000427232154745898,3327.812164226,3277.06878771292
2951.27860600534,0.000587549409754815,2928.15782786094,0.000443120911148329,3327.812164226,3277.06878771292
2967.13492949571,0.000601206578267825,2943.88830139137,0.000459914758482307,3327.812164226,3277.06878771292
2982.99125298609,0.000615243539765018,2959.61877492181,0.000477662894778881,3327.812164226,3277.06878771292
2998.84757647647,0.000630784846487875,2975.34924845224,0.000495554472138684,3327.812164226,3277.06878771292
3014.70389996685,0.000647519910616091,2991.07972198268,0.000512395876229265,3327.812164226,3277.06878771292
3030.56022345723,0.00066419338285221,3006.81019551311,0.00052785803063804,3327.812164226,3277.06878771292
3046.4165469476,0.000679743602203522,3022.54066904354,0.000543031838610807,3327.812164226,3277.06878771292
3062.27287043798,0.000693789484231132,3038.27114257398,0.00055940231171112,3327.812164226,3277.06878771292
3078.12919392836,0.000706394869397364,3054.00161610441,0.000577568589881161,3327.812164226,3277.06878771292
3093.98551741874,0.000718666813538152,3069.73208963485,0.000596876993418983,3327.812164226,3277.06878771292
3109.84184090912,0.000732185718203238,3085.46256316528,0.000616211791326147,3327.812164226,3277.06878771292
3125.69816439949,0.000746830716195976,3101.19303669571,0.000634844281655374,3327.812164226,3277.06878771292
3141.55448788987,0.000760105630355074,3116.92351022615,0.000652372234534961,3327.812164226,3277.06878771292
3157.41081138025,0.000769941870139494,3132.65398375658,0.000668591541960084,3327.812164226,3277.06878771292
3173.26713487063,0.00077742767313405,3148.38445728701,0.000683949764965435,3327.812164226,3277.06878771292
3189.123458361,0.000785374871942341,3164.11493081745,0.000699247943690082,3327.812164226,3277.06878771292
3204.97978185138,0.000795492352712045,3179.84540434788,0.000715027102405212,3327.812164226,3277.06878771292
3220.83610534176,0.000807433142079135,3195.57587787832,0.000731346667761162,3327.812164226,3277.06878771292
3236.69242883214,0.000819117949764349,3211.30635140875,0.000747583632006208,3327.812164226,3277.06878771292
3252.54875232252,0.000827313280776834,3227.03682493918,0.0007624091766153,3327.812164226,3277.06878771292
3268.40507581289,0.000829670882539271,3242.76729846962,0.000774763256806114,3327.812164226,3277.06878771292
3284.26139930327,0.000826972617116744,3258.49777200005,0.000785360144997327,3327.812164226,3277.06878771292
3300.11772279365,0.000822127187618921,3274.22824553049,0.000796165788483725,3327.812164226,3277.06878771292
3315.97404628403,0.000817685070444181,3289.95871906092,0.0008077219507512,3327.812164226,3277.06878771292
3331.83036977441,0.000815259635857499,3305.68919259135,0.000817939672594725,3327.812164226,3277.06878771292
3347.68669326478,0.000815592491691177,3321.41966612179,0.000824399998448176,3327.812164226,3277.06878771292
3363.54301675516,0.000817454248509643,3337.15013965222,0.000827304564050029,3327.812164226,3277.06878771292
3379.39934024554,0.000817425604018008,3352.88061318266,0.000829330599467196,3327.812164226,3277.06878771292
3395.25566373592,0.000812658858031371,3368.61108671309,0.000832841755990281,3327.812164226,3277.06878771292
3411.11198722629,0.000803682076622091,3384.34156024352,0.000837787271218874,3327.812164226,3277.06878771292
3426.96831071667,0.000793571818117359,3400.07203377396,0.000842225159132548,3327.812164226,3277.06878771292
3442.82463420705,0.000785296363089555,3415.80250730439,0.00084458495757957,3327.812164226,3277.06878771292
3458.68095769743,0.000779501215436838,3431.53298083482,0.000844803493863581,3327.812164226,3277.06878771292
3474.53728118781,0.00077356817820008,3447.26345436526,0.000843152024492061,3327.812164226,3277.06878771292
3490.39360467818,0.000763398527381633,3462.99392789569,0.000838860220912248,3327.812164226,3277.06878771292
3506.24992816856,0.000747806722106501,3478.72440142613,0.000831103268390331,3327.812164226,3277.06878771292
3522.10625165894,0.000730759338592207,3494.45487495656,0.000821006187260308,3327.812164226,3277.06878771292
3537.96257514932,0.000717215173383326,3510.18534848699,0.0008111779673952,3327.812164226,3277.06878771292
3553.8188986397,0.000708004679886392,3525.91582201743,0.000804106010807766,3327.812164226,3277.06878771292
3569.67522213007,0.000699850337624761,3541.64629554786,0.000800836262230389,3327.812164226,3277.06878771292
3585.53154562045,0.000689424366373872,3557.3767690783,0.000799574925641182,3327.812164226,3277.06878771292
3601.38786911083,0.000676114066023027,3573.10724260873,0.000796218659140937,3327.812164226,3277.06878771292
3617.24419260121,0.000661104998214534,3588.83771613916,0.000788091380037565,3327.812164226,3277.06878771292
3633.10051609159,0.00064534813368256,3604.5681896696,0.000777021867367222,3327.812164226,3277.06878771292
3648.95683958196,0.000628855125923142,3620.29866320003,0.000765518081522038,3327.812164226,3277.06878771292
3664.81316307234,0.000612001514075952,3636.02913673047,0.000753405712358895,3327.812164226,3277.06878771292
3680.66948656272,0.000595897371362624,3651.7596102609,0.00073948041050948,3327.812164226,3277.06878771292
3696.5258100531,0.000580937674050021,3667.49008379133,0.0007237724556009,3327.812164226,3277.06878771292
3712.38213354347,0.000566054246593387,3683.22055732177,0.000707106006599355,3327.812164226,3277.06878771292
3728.23845703385,0.000549838755682575,3698.9510308522,0.000690316825004853,3327.812164226,3277.06878771292
3744.09478052423,0.000532362644143153,3714.68150438263,0.000674418079787557,3327.812164226,3277.06878771292
3759.95110401461,0.000515011145198689,3730.41197791307,0.000659889072544995,3327.812164226,3277.06878771292
3775.80742750499,0.000498593844543607,3746.1424514435,0.000646271539550991,3327.812164226,3277.06878771292
3791.66375099536,0.000482285154256839,3761.87292497394,0.000632855642751876,3327.812164226,3277.06878771292
3807.52007448574,0.000464945261874597,3777.60339850437,0.000618588710522714,3327.812164226,3277.06878771292
3823.37639797612,0.000446962241419681,3793.3338720348,0.000601513946010646,3327.812164226,3277.06878771292
3839.2327214665,0.000429776339343576,3809.06434556524,0.000580375604128515,3327.812164226,3277.06878771292
3855.08904495688,0.000414184252496493,3824.79481909567,0.000557068308747512,3327.812164226,3277.06878771292
3870.94536844725,0.000399855032708969,3840.52529262611,0.000535555137832887,3327.812164226,3277.06878771292
3886.80169193763,0.000385990582434151,3856.25576615654,0.000518294383008849,3327.812164226,3277.06878771292
3902.65801542801,0.000371805165398851,3871.98623968697,0.000504731426219499,3327.812164226,3277.06878771292
3918.51433891839,0.000356884198208466,3887.71671321741,0.000492507454576831,3327.812164226,3277.06878771292
3934.37066240876,0.000341585579090693,3903.44718674784,0.000479067569512252,3327.812164226,3277.06878771292
3950.22698589914,0.000326554224630496,3919.17766027828,0.000462917809376396,3327.812164226,3277.06878771292
3966.08330938952,0.000311870702774441,3934.90813380871,0.000444505026885842,3327.812164226,3277.06878771292
3981.9396328799,0.000297318361221232,3950.63860733914,0.000425557826151485,3327.812164226,3277.06878771292
3997.79595637028,0.000283073575639809,3966.36908086958,0.000407245606037338,3327.812164226,3277.06878771292
4013.65227986065,0.000269566149519777,3982.09955440001,0.000389590434344588,3327.812164226,3277.06878771292
4029.50860335103,0.000256928585450204,3997.83002793044,0.000372350581629348,3327.812164226,3277.06878771292
4045.36492684141,0.000244952619920898,4013.56050146088,0.000355585092322875,3327.812164226,3277.06878771292
4061.22125033179,0.000233415181536731,4029.29097499131,0.000339524773147423,3327.812164226,3277.06878771292
4077.07757382217,0.000222186991687935,4045.02144852175,0.000324483331781036,3327.812164226,3277.06878771292
4092.93389731254,0.000211453902036686,4060.75192205218,0.000310663967933506,3327.812164226,3277.06878771292
4108.79022080292,0.000201712480851426,4076.48239558261,0.000297656602273726,3327.812164226,3277.06878771292
4124.6465442933,0.000192891650952197,4092.21286911305,0.000284914528721808,3327.812164226,3277.06878771292
4140.50286778368,0.000183762802617892,4107.94334264348,0.000272728748077618,3327.812164226,3277.06878771292
4156.35919127405,0.000173251411434538,4123.67381617392,0.000261494827807588,3327.812164226,3277.06878771292
4172.21551476443,0.000162057528554722,4139.40428970435,0.000250259867749715,3327.812164226,3277.06878771292
4188.07183825481,0.000151844678066068,4155.13476323478,0.000237662579713816,3327.812164226,3277.06878771292
4203.92816174519,0.000143538738929855,4170.86523676522,0.000224092595546035,3327.812164226,3277.06878771292
4219.78448523557,0.000136858851575784,4186.59571029565,0.000211299396891214,3327.812164226,3277.06878771292
4235.64080872594,0.000130881693487988,4202.32618382609,0.000200302199899882,3327.812164226,3277.06878771292
4251.49713221632,0.000124713947777651,4218.05665735652,0.000190939970569807,3327.812164226,3277.06878771292
4267.3534557067,0.000118067724835446,4233.78713088695,0.000182399616954346,3327.812164226,3277.06878771292
4283.20977919708,0.00011134746257493,4249.51760441739,0.000173733004064988,3327.812164226,3277.06878771292
4299.06610268746,0.000104890657873763,4265.24807794782,0.000164527585084211,3327.812164226,3277.06878771292
4314.92242617783,9.86567823050781e-05,4280.97855147825,0.000155196763741083,3327.812164226,3277.06878771292
4330.77874966821,9.26079149286189e-05,4296.70902500869,0.000146204913724654,3327.812164226,3277.06878771292
4346.63507315859,8.67573741174021e-05,4312.43949853912,0.000137546307439495,3327.812164226,3277.06878771292
4362.49139664897,8.09771896247894e-05,4328.16997206956,0.000129150973210398,3327.812164226,3277.06878771292
4378.34772013935,7.52189820489158e-05,4343.90044559999,0.000121097889333618,3327.812164226,3277.06878771292
4394.20404362972,6.98026087076999e-05,4359.63091913042,0.000113344449113336,3327.812164226,3277.06878771292
4410.0603671201,6.51035678087609e-05,4375.36139266086,0.000105797095835556,3327.812164226,3277.06878771292
4425.91669061048,6.11079285605314e-05,4391.09186619129,9.86603554022635e-05,3327.812164226,3277.06878771292
4441.77301410086,5.75073340430302e-05,4406.82233972173,9.22979390384347e-05,3327.812164226,3277.06878771292
4457.62933759123,5.40962968268176e-05,4422.55281325216,8.68158684246569e-05,3327.812164226,3277.06878771292
4473.48566108161,5.09161184093895e-05,4438.28328678259,8.20238269101761e-05,3327.812164226,3277.06878771292
4489.34198457199,4.80678180042137e-05,4454.01376031303,7.76822030245951e-05,3327.812164226,3277.06878771292
4505.19830806237,4.55026820652756e-05,4469.74423384346,7.35961491220964e-05,3327.812164226,3277.06878771292
4521.05463155275,4.29989798144305e-05,4485.47470737389,6.95694655574429e-05,3327.812164226,3277.06878771292
4536.91095504312,4.03519303678675e-05,4501.20518090433,6.54301861615984e-05,3327.812164226,3277.06878771292
4552.7672785335,3.76087039993911e-05,4516.93565443476,6.10935222979738e-05,3327.812164226,3277.06878771292
4568.62360202388,3.50315033613277e-05,4532.6661279652,5.66121040779624e-05,3327.812164226,3277.06878771292
4584.47992551426,3.27841442142545e-05,4548.39660149563,5.22278997316335e-05,3327.812164226,3277.06878771292
4600.33624900464,3.0761721508903e-05,4564.12707502606,4.82881778544616e-05,3327.812164226,3277.06878771292
4616.19257249501,2.87859917999868e-05,4579.8575485565,4.49974087718175e-05,3327.812164226,3277.06878771292
4632.04889598539,2.68501071512424e-05,4595.58802208693,4.22508388201051e-05,3327.812164226,3277.06878771292
4647.90521947577,2.5061310812389e-05,4611.31849561737,3.97389544092734e-05,3327.812164226,3277.06878771292
4663.76154296615,2.34519698108913e-05,4627.0489691478,3.72006866826132e-05,3327.812164226,3277.06878771292
4679.61786645653,2.19538571805821e-05,4642.77944267823,3.45877694570549e-05,3327.812164226,3277.06878771292
4695.4741899469,2.04935782991118e-05,4658.50991620867,3.20716261246472e-05,3327.812164226,3277.06878771292
4711.33051343728,1.90588276791165e-05,4674.2403897391,2.985988486553e-05,3327.812164226,3277.06878771292
4727.18683692766,1.77032346064667e-05,4689.97086326953,2.79479371733956e-05,3327.812164226,3277.06878771292
4743.04316041804,1.65019233198409e-05,4705.70133679997,2.61164735369602e-05,3327.812164226,3277.06878771292
4758.89948390841,1.54545367677562e-05,4721.4318103304,2.42083313423545e-05,3327.812164226,3277.06878771292
4774.75580739879,1.44725348077366e-05,4737.16228386084,2.2309309988216e-05,3327.812164226,3277.06878771292
4790.61213088917,1.3485937681225e-05,4752.89275739127,2.05959090034564e-05,3327.812164226,3277.06878771292
4806.46845437955,1.24890347871252e-05,4768.6232309217,1.91345559287402e-05,3327.812164226,3277.06878771292
4822.32477786993,1.14960704131634e-05,4784.35370445214,1.78743156311804e-05,3327.812164226,3277.06878771292
4838.1811013603,1.05260623729683e-05,4800.08417798257,1.67399389723828e-05,3327.812164226,3277.06878771292
4854.03742485068,9.63595183690575e-06,4815.81465151301,1.56597260928056e-05,3327.812164226,3277.06878771292
4869.89374834106,8.8851412644219e-06,4831.54512504344,1.46006629906146e-05,3327.812164226,3277.06878771292
4885.75007183144,8.25574892535952e-06,4847.27559857387,1.35673898238283e-05,3327.812164226,3277.06878771292
4901.60639532182,7.67329662927684e-06,4863.00607210431,1.25605857249091e-05,3327.812164226,3277.06878771292
4917.46271881219,7.11592813297816e-06,4878.73654563474,1.15903170724087e-05,3327.812164226,3277.06878771292
4933.31904230257,6.63870697245758e-06,4894.46701916518,1.07049184025387e-05,3327.812164226,3277.06878771292
4949.17536579295,6.27386978024155e-06,4910.19749269561,9.9519370396235e-06,3327.812164226,3277.06878771292
4965.03168928333,5.97647561654949e-06,4925.92796622604,9.32074253596501e-06,3327.812164226,3277.06878771292
4980.8880127737,5.67781181241309e-06,4941.65843975648,8.75067521745365e-06,3327.812164226,3277.06878771292
4996.74433626408,5.34361392931454e-06,4957.38891328691,8.18507052589174e-06,3327.812164226,3277.06878771292
5012.60065975446,4.976072981861e-06,4973.11938681735,7.60038339821441e-06,3327.812164226,3277.06878771292
5028.45698324484,4.5912866987662e-06,4988.84986034778,7.00230482650382e-06,3327.812164226,3277.06878771292
5044.31330673522,4.21179587618195e-06,5004.58033387821,6.41325761210208e-06,3327.812164226,3277.06878771292
5060.16963022559,3.87114662342584e-06,5020.31080740865,5.86004833035606e-06,3327.812164226,3277.06878771292
5076.02595371597,3.60809293548078e-06,5036.04128093908,5.36008439993089e-06,3327.812164226,3277.06878771292
5091.88227720635,3.44033567610293e-06,5051.77175446951,4.90824862602318e-06,3327.812164226,3277.06878771292
5107.73860069673,3.34049277796008e-06,5067.50222799995,4.47720754228306e-06,3327.812164226,3277.06878771292
5123.5949241871,3.24693831974689e-06,5083.23270153038,4.04342505868703e-06,3327.812164226,3277.06878771292
5139.45124767748,3.10349285565059e-06,5098.96317506082,3.62197451897474e-06,3327.812164226,3277.06878771292
5155.30757116786,2.89015932667235e-06,5114.69364859125,3.26510231259187e-06,3327.812164226,3277.06878771292
5171.16389465824,2.62471682376066e-06,5130.42412212168,3.01401561655282e-06,3327.812164226,3277.06878771292
5187.02021814862,2.34464295726482e-06,5146.15459565212,2.85804337754946e-06,3327.812164226,3277.06878771292
5202.87654163899,2.08315119195182e-06,5161.88506918255,2.74436878373588e-06,3327.812164226,3277.06878771292
5218.73286512937,1.85295966418267e-06,5177.61554271299,2.61666231823069e-06,3327.812164226,3277.06878771292
5234.58918861975,1.65458983326668e-06,5193.34601624342,2.44397486244014e-06,3327.812164226,3277.06878771292
5250.44551211013,1.4956280132195e-06,5209.07648977385,2.23251671540459e-06,3327.812164226,3277.06878771292
5266.30183560051,1.38779846693187e-06,5224.80696330429,2.02461873433996e-06,3327.812164226,3277.06878771292
5282.15815909088,1.3278952500411e-06,5240.53743683472,1.87127690636288e-06,3327.812164226,3277.06878771292
5298.01448258126,1.29421053866534e-06,5256.26791036515,1.78499302413254e-06,3327.812164226,3277.06878771292
5313.87080607164,1.26671911331464e-06,5271.99838389559,1.72244613251562e-06,3327.812164226,3277.06878771292
5329.72712956202,1.24283163406337e-06,5287.72885742602,1.62687318089427e-06,3327.812164226,3277.06878771292
5345.5834530524,1.22588051890734e-06,5303.45933095646,1.48511409926248e-06,3327.812164226,3277.06878771292
5361.43977654277,1.20582174534597e-06,5319.18980448689,1.33116389395674e-06,3327.812164226,3277.06878771292
5377.29610003315,1.16182417971973e-06,5334.92027801732,1.20058567122355e-06,3327.812164226,3277.06878771292
5393.15242352353,1.08410462994918e-06,5350.65075154776,1.09997780793644e-06,3327.812164226,3277.06878771292
5409.00874701391,9.83354809308926e-07,5366.38122507819,1.01735009864952e-06,3327.812164226,3277.06878771292
5424.86507050428,8.77282907857938e-07,5382.11169860863,9.45219318146796e-07,3327.812164226,3277.06878771292
5440.72139399466,7.75379320774387e-07,5397.84217213906,8.79291065953098e-07,3327.812164226,3277.06878771292
5456.57771748504,6.82827068324849e-07,5413.57264566949,8.16245279378089e-07,3327.812164226,3277.06878771292
5472.43404097542,6.05726949176711e-07,5429.30311919993,7.59890632692431e-07,3327.812164226,3277.06878771292
5488.2903644658,5.47652335474301e-07,5445.03359273036,7.19876671362698e-07,3327.812164226,3277.06878771292
5504.14668795617,5.06340818248543e-07,5460.7640662608,6.97674522894945e-07,3327.812164226,3277.06878771292
5520.00301144655,4.74440837202104e-07,5476.49453979123,6.80146192332099e-07,3327.812164226,3277.06878771292
5535.85933493693,4.4350632155056e-07,5492.22501332166,6.48899168034925e-07,3327.812164226,3277.06878771292
5551.71565842731,4.11295159361184e-07,5507.9554868521,5.9361176895143e-07,3327.812164226,3277.06878771292
5567.57198191769,3.8492904153784e-07,5523.68596038253,5.20255370835757e-07,3327.812164226,3277.06878771292
5583.42830540806,3.73406921011515e-07,5539.41643391296,4.48988516676098e-07,3327.812164226,3277.06878771292
5599.28462889844,3.78279038468606e-07,5555.1469074434,4.00578605712456e-07,3327.812164226,3277.06878771292
5615.14095238882,3.93336362664615e-07,5570.87738097383,3.81495860889141e-07,3327.812164226,3277.06878771292
5630.9972758792,4.086857381673e-07,5586.60785450427,3.82586986294969e-07,3327.812164226,3277.06878771292
5646.85359936958,4.12171753574434e-07,5602.3383280347,3.91960195542853e-07,3327.812164226,3277.06878771292
5662.70992285995,3.92617180778678e-07,5618.06880156513,4.04491427345737e-07,3327.812164226,3277.06878771292
5678.56624635033,3.4821704706721e-07,5633.79927509557,4.16537504307524e-07,3327.812164226,3277.06878771292
5694.42256984071,2.89639368078426e-07,5649.529748626,4.17944645154755e-07,3327.812164226,3277.06878771292
5710.27889333109,2.31196165120964e-07,5665.26022215644,3.96516146174966e-07,3327.812164226,3277.06878771292
5726.13521682146,1.82807277141552e-07,5680.99069568687,3.50236148228755e-07,3327.812164226,3277.06878771292
5741.99154031184,1.51464192896189e-07,5696.7211692173,2.9173781124113e-07,3327.812164226,3277.06878771292
5757.84786380222,1.41566047000609e-07,5712.45164274774,2.38605199926103e-07,3327.812164226,3277.06878771292
5773.7041872926,1.49493633000631e-07,5728.18211627817,1.99613965679542e-07,3327.812164226,3277.06878771292
5789.56051078298,1.63674315086893e-07,5743.9125898086,1.72678777574731e-07,3327.812164226,3277.06878771292
5805.41683427335,1.72737701971449e-07,5759.64306333904,1.53400086394094e-07,3327.812164226,3277.06878771292
5821.27315776373,1.71530599719044e-07,5775.37353686947,1.39334316605046e-07,3327.812164226,3277.06878771292
5837.12948125411,1.61205197893516e-07,5791.10401039991,1.27990204599131e-07,3327.812164226,3277.06878771292
5852.98580474449,1.46896736056929e-07,5806.83448393034,1.16781436123908e-07,3327.812164226,3277.06878771292
5868.84212823487,1.34367354761394e-07,5822.56495746077,1.04811569934346e-07,3327.812164226,3277.06878771292
5884.69845172524,1.26889789028253e-07,5838.29543099121,9.34585444181497e-08,3327.812164226,3277.06878771292
5900.55477521562,1.24619303623797e-07,5854.02590452164,8.65989413111796e-08,3327.812164226,3277.06878771292
5916.411098706,1.26529576952723e-07,5869.75637805208,8.8532041896637e-08,3327.812164226,3277.06878771292
5932.26742219638,1.32108790801689e-07,5885.48685158251,9.85924068322912e-08,3327.812164226,3277.06878771292
5948.12374568675,1.39932780962507e-07,5901.21732511294,1.08436736781201e-07,3327.812164226,3277.06878771292
5963.98006917713,1.45960601099285e-07,5916.94779864338,1.07480555642007e-07,3327.812164226,3277.06878771292
5979.83639266751,1.45927959574505e-07,5932.67827217381,9.29335247174345e-08,3327.812164226,3277.06878771292
5995.69271615789,1.39592080561203e-07,5948.40874570425,7.42223413956159e-08,3327.812164226,3277.06878771292
6011.54903964827,1.30905049429548e-07,5964.13921923468,6.33593562742333e-08,3327.812164226,3277.06878771292
6027.40536313864,1.22647690600412e-07,5979.86969276511,6.49900418854516e-08,3327.812164226,3277.06878771292
6043.26168662902,1.13341284986999e-07,5995.60016629555,7.3623143585725e-08,3327.812164226,3277.06878771292
6059.1180101194,1.02627535423273e-07,6011.33063982598,7.86583381634614e-08,3327.812164226,3277.06878771292
6074.97433360978,9.5926423328988e-08,6027.06111335641,7.36734567298332e-08,3327.812164226,3277.06878771292
6090.83065710016,9.88682983632547e-08,6042.79158688685,6.1234908762851e-08,3327.812164226,3277.06878771292
6106.68698059053,1.07731175274709e-07,6058.52206041728,4.8079124640558e-08,3327.812164226,3277.06878771292
6122.54330408091,1.11805935313654e-07,6074.25253394772,3.78042442648108e-08,3327.812164226,3277.06878771292
6138.39962757129,1.06567311965964e-07,6089.98300747815,2.9715045508627e-08,3327.812164226,3277.06878771292
6154.25595106167,9.77312263055309e-08,6105.71348100858,2.27388557609841e-08,3327.812164226,3277.06878771292
6170.11227455205,9.0901113332609e-08,6121.44395453902,1.7954747165491e-08,3327.812164226,3277.06878771292
6185.96859804242,8.4509416512811e-08,6137.17442806945,1.68423106594334e-08,3327.812164226,3277.06878771292
6201.8249215328,7.57783733009737e-08,6152.90490159989,1.89693783874904e-08,3327.812164226,3277.06878771292
6217.68124502318,6.81440784362316e-08,6168.63537513032,2.31465844769239e-08,3327.812164226,3277.06878771292
6233.53756851356,6.74542064771158e-08,6184.36584866075,2.95564354264325e-08,3327.812164226,3277.06878771292
6249.39389200393,7.19439494273344e-08,6200.09632219119,3.86606433547794e-08,3327.812164226,3277.06878771292
6265.25021549431,7.17910883425113e-08,6215.82679572162,4.88604183473088e-08,3327.812164226,3277.06878771292
6281.10653898469,6.06976403749082e-08,6231.55726925206,5.70327142886229e-08,3327.812164226,3277.06878771292
6296.96286247507,4.33730133291567e-08,6247.28774278249,6.0934299754328e-08,3327.812164226,3277.06878771292
6312.81918596545,2.91450737082212e-08,6263.01821631292,6.05072060880922e-08,3327.812164226,3277.06878771292
6328.67550945582,2.22951525190972e-08,6278.74868984336,5.82156103729811e-08,3327.812164226,3277.06878771292
6344.5318329462,2.1061740082949e-08,6294.47916337379,5.83653256000819e-08,3327.812164226,3277.06878771292
6360.38815643658,2.24298036470424e-08,6310.20963690422,6.34325074786009e-08,3327.812164226,3277.06878771292
6376.24447992696,2.50117507385376e-08,6325.94011043466,6.98672268824885e-08,3327.812164226,3277.06878771292
6392.10080341734,2.89246462603504e-08,6341.67058396509,7.04182267094787e-08,3327.812164226,3277.06878771292
6407.95712690771,3.47511091694337e-08,6357.40105749553,6.25720016558789e-08,3327.812164226,3277.06878771292
6423.81345039809,4.23568495094829e-08,6373.13153102596,5.21150598458444e-08,3327.812164226,3277.06878771292
6439.66977388847,4.98480191680692e-08,6388.86200455639,4.62365396077776e-08,3327.812164226,3277.06878771292
6455.52609737885,5.36170556825476e-08,6404.59247808683,4.57925306533137e-08,3327.812164226,3277.06878771292
6471.38242086922,5.1044688477032e-08,6420.32295161726,4.66990080923643e-08,3327.812164226,3277.06878771292
6487.2387443596,4.43888895641729e-08,6436.0534251477,4.57199953595917e-08,3327.812164226,3277.06878771292
6503.09506784998,4.00574519139867e-08,6451.78389867813,4.24532202176362e-08,3327.812164226,3277.06878771292
6518.95139134036,4.18944564265816e-08,6467.51437220856,3.88164647800258e-08,3327.812164226,3277.06878771292
6534.80771483074,4.61764042460351e-08,6483.244845739,3.80038470797029e-08,3327.812164226,3277.06878771292
6550.66403832111,4.53867490588541e-08,6498.97531926943,4.18572540977208e-08,3327.812164226,3277.06878771292
6566.52036181149,3.71581936007555e-08,6514.70579279986,4.92038790809666e-08,3327.812164226,3277.06878771292
6582.37668530187,2.6729732149425e-08,6530.4362663303,5.65288809580056e-08,3327.812164226,3277.06878771292
6598.23300879225,1.96032865405742e-08,6546.16673986073,5.93954639548803e-08,3327.812164226,3277.06878771292
6614.08933228263,1.62864504686606e-08,6561.89721339117,5.42977291476434e-08,3327.812164226,3277.06878771292
6629.945655773,1.50683641545424e-08,6577.6276869216,4.16940591905384e-08,3327.812164226,3277.06878771292
6645.80197926338,1.48614854679883e-08,6593.35816045203,2.66402953469293e-08,3327.812164226,3277.06878771292
6661.65830275376,1.41202175584179e-08,6609.08863398247,1.52488087056836e-08,3327.812164226,3277.06878771292
6677.51462624414,1.2018239039323e-08,6624.8191075129,1.06590035446407e-08,3327.812164226,3277.06878771292
6693.37094973452,1.07022886353222e-08,6640.54958104334,1.18818756428936e-08,3327.812164226,3277.06878771292
6709.22727322489,1.37339513902687e-08,6656.28005457377,1.54561046367633e-08,3327.812164226,3277.06878771292
6725.08359671527,2.19914267232309e-08,6672.0105281042,1.83822701303453e-08,3327.812164226,3277.06878771292
6740.93992020565,3.19849925117638e-08,6687.74100163464,1.99332184166139e-08,3327.812164226,3277.06878771292
6756.79624369603,3.84226919112104e-08,6703.47147516507,2.08503708348889e-08,3327.812164226,3277.06878771292
6772.6525671864,3.79691754886174e-08,6719.20194869551,2.19660355380845e-08,3327.812164226,3277.06878771292
6788.50889067678,3.08989392859526e-08,6734.93242222594,2.42201469883724e-08,3327.812164226,3277.06878771292
6804.36521416716,2.05056110069139e-08,6750.66289575637,2.85176431562498e-08,3327.812164226,3277.06878771292
6820.22153765754,1.0977779394445e-08,6766.39336928681,3.43579979886876e-08,3327.812164226,3277.06878771292
6836.07786114792,4.99466708813722e-09,6782.12384281724,3.93705561396713e-08,3327.812164226,3277.06878771292
6851.93418463829,3.05877265969502e-09,6797.85431634768,4.13089662281652e-08,3327.812164226,3277.06878771292
6867.79050812867,4.47763867796252e-09,6813.58478987811,4.02611657782749e-08,3327.812164226,3277.06878771292
6883.64683161905,7.93006840870704e-09,6829.31526340854,3.79677615311629e-08,3327.812164226,3277.06878771292
6899.50315510943,1.13894643518257e-08,6845.04573693898,3.54491556931117e-08,3327.812164226,3277.06878771292
6915.35947859981,1.32340925310982e-08,6860.77621046941,3.28188380512101e-08,3327.812164226,3277.06878771292
6931.21580209018,1.40851724266635e-08,6876.50668399984,3.08929196322073e-08,3327.812164226,3277.06878771292
6947.07212558056,1.6219523849446e-08,6892.23715753028,3.05850682008889e-08,3327.812164226,3277.06878771292
6962.92844907094,2.04371341732362e-08,6907.96763106071,3.05188905120687e-08,3327.812164226,3277.06878771292
6978.78477256132,2.47012748918106e-08,6923.69810459115,2.75947031364943e-08,3327.812164226,3277.06878771292
6994.6410960517,2.64950286104662e-08,6939.42857812158,2.07084165974004e-08,3327.812164226,3277.06878771292
7010.49741954207,2.53234540484365e-08,6955.15905165201,1.2293281983873e-08,3327.812164226,3277.06878771292
7026.35374303245,2.24464086751098e-08,6970.88952518245,5.63235789971142e-09,3327.812164226,3277.06878771292
7042.21006652283,1.94136040670353e-08,6986.61999871288,1.9626429306609e-09,3327.812164226,3277.06878771292
7058.06639001321,1.71285820492988e-08,7002.35047224332,5.21143021774587e-10,3327.812164226,3277.06878771292
7073.92271350358,1.52399164518932e-08,7018.08094577375,1.53656735374146e-10,3327.812164226,3277.06878771292
7089.77903699396,1.26231754914496e-08,7033.81141930418,3.02183372446315e-10,3327.812164226,3277.06878771292
7105.63536048434,9.31482955034463e-09,7049.54189283462,1.18828502391483e-09,3327.812164226,3277.06878771292
7121.49168397472,7.23321777511191e-09,7065.27236636505,3.76416994210779e-09,3327.812164226,3277.06878771292
7137.3480074651,8.0837575542372e-09,7081.00283989548,9.15255658128855e-09,3327.812164226,3277.06878771292
7153.20433095547,1.10138461161588e-08,7096.73331342592,1.70194272175272e-08,3327.812164226,3277.06878771292
7169.06065444585,1.32111769627111e-08,7112.46378695635,2.40968678509727e-08,3327.812164226,3277.06878771292
7184.91697793623,1.32601615995262e-08,7128.19426048679,2.62561062997184e-08,3327.812164226,3277.06878771292
7200.77330142661,1.27636459114365e-08,7143.92473401722,2.23257745015201e-08,3327.812164226,3277.06878771292
7216.62962491698,1.3207778681729e-08,7159.65520754765,1.49815125793918e-08,3327.812164226,3277.06878771292
7232.48594840736,1.30163184764071e-08,7175.38568107809,8.2152964737302e-09,3327.812164226,3277.06878771292
7248.34227189774,1.040185758294e-08,7191.11615460852,4.64511787836103e-09,3327.812164226,3277.06878771292
7264.19859538812,6.29224303571355e-09,7206.84662813896,4.96118756414171e-09,3327.812164226,3277.06878771292
7280.0549188785,2.85123547759705e-09,7222.57710166939,8.46300683735861e-09,3327.812164226,3277.06878771292
7295.91124236887,1.05243386588041e-09,7238.30757519982,1.32917226058005e-08,3327.812164226,3277.06878771292
7311.76756585925,7.15006249172475e-10,7254.03804873026,1.72107538996655e-08,3327.812164226,3277.06878771292
7327.62388934963,1.71864607011639e-09,7269.76852226069,1.91774849064335e-08,3327.812164226,3277.06878771292
7343.48021284001,4.27767591630226e-09,7285.49899579112,1.94665342138728e-08,3327.812164226,3277.06878771292
7359.33653633039,7.95605454648953e-09,7301.22946932156,1.82725069867615e-08,3327.812164226,3277.06878771292
7375.19285982076,1.0929835565022e-08,7316.95994285199,1.58583310561349e-08,3327.812164226,3277.06878771292
7391.04918331114,1.11995346089174e-08,7332.69041638243,1.40426085465256e-08,3327.812164226,3277.06878771292
7406.90550680152,8.63770465242589e-09,7348.42088991286,1.55326152465585e-08,3327.812164226,3277.06878771292
7422.7618302919,5.04128642538129e-09,7364.15136344329,2.11107943902514e-08,3327.812164226,3277.06878771292
7438.61815378227,2.22763022503286e-09,7379.88183697373,2.83045412286458e-08,3327.812164226,3277.06878771292
7454.47447727265,7.42220271289029e-10,7395.61231050416,3.31221888463721e-08,3327.812164226,3277.06878771292
7470.33080076303,1.87406523507658e-10,7411.3427840346,3.28522106099056e-08,3327.812164226,3277.06878771292
7486.18712425341,5.92324851946988e-11,7427.07325756503,2.7490481651992e-08,3327.812164226,3277.06878771292
7502.04344774379,1.81861003388261e-10,7442.80373109546,1.92607259285159e-08,3327.812164226,3277.06878771292
7517.89977123416,9.04408404619198e-10,7458.5342046259,1.11045419992146e-08,3327.812164226,3277.06878771292
7533.75609472454,3.36851101369948e-09,7474.26467815633,5.13665336855027e-09,3327.812164226,3277.06878771292
7549.61241821492,9.27308691785216e-09,7489.99515168676,1.85388942916152e-09,3327.812164226,3277.06878771292
7565.4687417053,1.90501857466904e-08,7505.7256252172,5.08899523811036e-10,3327.812164226,3277.06878771292
7581.32506519568,2.94164865038034e-08,7521.45609874763,1.04100045629939e-10,3327.812164226,3277.06878771292
7597.18138868605,3.42456614241139e-08,7537.18657227807,1.56324992525474e-11,3327.812164226,3277.06878771292
7613.03771217643,3.00197425851454e-08,7552.9170458085,1.70544773210999e-12,3327.812164226,3277.06878771292
7628.89403566681,1.97331582407389e-08,7568.64751933894,1.34224256211893e-13,3327.812164226,3277.06878771292
7644.75035915719,9.7199925053052e-09,7584.37799286937,7.58549232582128e-15,3327.812164226,3277.06878771292
7660.60668264757,3.83858627105946e-09,7600.1084663998,3.06910983225094e-16,3327.812164226,3277.06878771292
7676.46300613794,2.19517628986445e-09,7615.83893993024,8.85248539263808e-18,3327.812164226,3277.06878771292
7692.31932962832,3.63360906226987e-09,7631.56941346067,1.86654480032723e-19,3327.812164226,3277.06878771292
7708.1756531187,7.07639565185876e-09,7647.2998869911,0,3327.812164226,3277.06878771292
7724.03197660908,1.07124401631277e-08,7663.03036052154,3.81400661528579e-22,3327.812164226,3277.06878771292
7739.88830009945,1.19616990367767e-08,7678.76083405197,1.35348737407188e-20,3327.812164226,3277.06878771292
7755.74462358983,9.70574259955926e-09,7694.49130758241,3.46093830829365e-22,3327.812164226,3277.06878771292
7771.60094708021,5.66337145808558e-09,7710.22178111284,0,3327.812164226,3277.06878771292
7787.45727057059,2.35816368828929e-09,7725.95225464327,0,3327.812164226,3277.06878771292
7803.31359406097,6.96906790136099e-10,7741.68272817371,0,3327.812164226,3277.06878771292
7819.16991755134,1.56589623425983e-10,7757.41320170414,0,3327.812164226,3277.06878771292
7835.02624104172,2.68284929809654e-11,7773.14367523458,4.55507883773735e-20,3327.812164226,3277.06878771292
7850.8825645321,3.55860852775714e-12,7788.87414876501,7.6258008320602e-20,3327.812164226,3277.06878771292
7866.73888802248,9.20596275901989e-13,7804.60462229544,6.29621327989346e-18,3327.812164226,3277.06878771292
7882.59521151286,5.95904495435586e-12,7820.33509582588,2.16763663744592e-16,3327.812164226,3277.06878771292
7898.45153500323,4.45635817134576e-11,7836.06556935631,5.36891464719141e-15,3327.812164226,3277.06878771292
7914.30785849361,2.43065587294446e-10,7851.79604288674,9.53614306771257e-14,3327.812164226,3277.06878771292
7930.16418198399,9.68031192751693e-10,7867.52651641718,1.21870288707701e-12,3327.812164226,3277.06878771292
7946.02050547437,2.82885231599532e-09,7883.25698994761,1.12567692482944e-11,3327.812164226,3277.06878771292
7961.87682896475,6.0937253322484e-09,7898.98746347805,7.55929891582659e-11,3327.812164226,3277.06878771292
7977.73315245512,9.72054729372043e-09,7914.71793700848,3.71804228578186e-10,3327.812164226,3277.06878771292
7993.5894759455,1.153615440035e-08,7930.44841053891,1.35117133556562e-09,3327.812164226,3277.06878771292
8009.44579943588,1.02294495469208e-08,7946.17888406935,3.66280292197068e-09,3327.812164226,3277.06878771292
8025.30212292626,6.80443690204064e-09,7961.90935759978,7.4760961152032e-09,3327.812164226,3277.06878771292
8041.15844641663,3.47413906008209e-09,7977.63983113022,1.15794440604088e-08,3327.812164226,3277.06878771292
8057.01476990701,1.76876893960392e-09,7993.37030466065,1.36844724970744e-08,3327.812164226,3277.06878771292
8072.87109339739,2.27767320259497e-09,8009.10077819108,1.24173997333672e-08,3327.812164226,3277.06878771292
8088.72741688777,5.44359122555218e-09,8024.83125172152,8.94779125289449e-09,3327.812164226,3277.06878771292
8104.58374037815,1.15159979865412e-08,8040.56172525195,6.18648241207832e-09,3327.812164226,3277.06878771292
8120.44006386852,1.95561786652417e-08,8056.29219878238,6.43423752325828e-09,3327.812164226,3277.06878771292
8136.2963873589,2.69387177345844e-08,8072.02267231282,9.65401789864829e-09,3327.812164226,3277.06878771292
8152.15271084928,3.02529337591455e-08,8087.75314584325,1.33231529100656e-08,3327.812164226,3277.06878771292
8168.00903433966,2.74160558560758e-08,8103.48361937369,1.42083199244877e-08,3327.812164226,3277.06878771292
8183.86535783004,1.96353043784674e-08,8119.21409290412,1.12694795805337e-08,3327.812164226,3277.06878771292
8199.72168132041,1.08541392473721e-08,8134.94456643455,6.56047362095846e-09,3327.812164226,3277.06878771292
8215.57800481079,4.53748796426147e-09,8150.67503996499,2.77844171572981e-09,3327.812164226,3277.06878771292
8231.43432830117,1.41361832899028e-09,8166.40551349542,8.50214920165126e-10,3327.812164226,3277.06878771292
8247.29065179155,3.25179213156241e-10,8182.13598702586,1.87026670063917e-10,3327.812164226,3277.06878771292
